{"none of the above": 67.70760233918128, "what are the": 62.888482632541134, "what is": 62.54740834386852, "what": 55.87217714034094, "is this a": 87.49332621462894, "is this": 87.15725035072057, "what is the man": 70.18400300413067, "how many": 66.4548919949174, "what does the": 36.751269035533, "why": 32.82336578581363, "is it": 91.83959618620304, "why is the": 34.63035019455253, "what color is the": 83.86316762676907, "is there a": 92.98995511861509, "is the": 86.47552852591949, "is that a": 86.83473389355743, "are these": 85.76963719619584, "are the": 85.9612462006079, "what is the": 61.7193693296926, "which": 52.65522875816993, "could": 86.73139158576052, "are there": 92.67412486466979, "what kind of": 62.99657534246575, "has": 84.77801268498943, "what color are the": 82.32841565105838, "are there any": 93.98496240601504, "is this person": 88.28337874659401, "does the": 86.39648130694314, "where is the": 38.132400430570506, "how many people are": 69.32668329177058, "can you": 87.95871559633028, "what type of": 62.277227722772274, "what is the color of the": 84.14043583535108, "what is on the": 61.63753449862005, "does this": 87.06780422092501, "is this an": 84.38202247191012, "who is": 48.22429906542056, "what is this": 72.7004716981132, "is there": 91.37820512820512, "are": 84.35777871979653, "what time": 23.596792668957615, "how": 38.19157720891825, "what is in the": 65.666474321985, "do you": 91.02209944751381, "what are": 69.9228791773779, "what sport is": 94.3830570902394, "what is the person": 72.88888888888889, "is he": 88.04047838086476, "where are the": 39.68012185833968, "what brand": 47.80748663101605, "what number is": 19.167904903417536, "what color is": 84.19475655430712, "what is the woman": 67.40914419695193, "what room is": 94.88188976377953, "is": 87.9141685074156, "what color": 79.76190476190477, "is the woman": 86.49193548387096, "are they": 88.46441947565543, "is the person": 90.05037783375315, "is the man": 88.61011549183591, "what animal is": 82.11284513805522, "what is the name": 22.17948717948718, "was": 88.99755501222494, "do": 84.09846972721225, "how many people are in": 70.27624309392266}