{
    "what number is": 0.0,
    "what is the name": 0.0,
    "what time": 0.0496031746031746,
    "why": 0.0,
    "why is the": 0.0,
    "what does the": 0.03877551020408163,
    "where is the": 0.0,
    "how": 0.09999999999999999,
    "where are the": 0.3,
    "what brand": 0.0,
    "who is": 0.0,
    "which": 0.0,
    "what": 0.03796296296296296,
    "what is on the": 0.11875,
    "what is the": 0.03292682926829268,
    "what type of": 0.15,
    "what is": 0.0,
    "what are the": 0.0,
    "what kind of": 0.07692307692307693,
    "what is in the": 0.6,
    "how many": 0.0
}