{
    "what number is": 0.13259377413455975,
    "what is the name": 0.07745227042420923,
    "what time": 0.03942652329749104,
    "why": 0.09038461538461547,
    "why is the": 0.09626168224299066,
    "what does the": 0.09802533830292502,
    "where is the": 0.11891199517781799,
    "how": 0.1404401154401155,
    "where are the": 0.12870370370370374,
    "what brand": 0.06864406779661017,
    "who is": 0.11909722222222223,
    "which": 0.09489982914462082,
    "what": 0.10701647593204507,
    "what is on the": 0.15968013468013476,
    "what is the": 0.11868397729475183,
    "what type of": 0.11240297274979359,
    "what is": 0.1331466430830353,
    "what are the": 0.08525875389202238,
    "what kind of": 0.12816993464052293,
    "what is in the": 0.19895833333333338,
    "how many": 0.1053649475524476
}