{
    "what number is": 0.135502686290088,
    "what is the name": 0.10084466788308526,
    "what time": 0.04219858156028368,
    "why": 0.11574074074074066,
    "why is the": 0.12458100558659224,
    "what does the": 0.11676355886422868,
    "where is the": 0.14635706758994402,
    "how": 0.1516863636363634,
    "where are the": 0.1405286343612336,
    "what brand": 0.07472451790633608,
    "who is": 0.09636015325670497,
    "which": 0.10895744998912815,
    "what": 0.12832017535697618,
    "what is on the": 0.19095796676441837,
    "what is the": 0.13442037875173357,
    "what type of": 0.172502857142857,
    "what is": 0.1530134051235281,
    "what are the": 0.10913616774119352,
    "what kind of": 0.14782749675745774,
    "what is in the": 0.18000000000000008,
    "how many": 0.1882082014171569
}