{
    "what number is": 0.006042296072507553,
    "what is the name": 0.020408163265306117,
    "what time": 0.03942652329749104,
    "why": 0.09020979020979028,
    "why is the": 0.09626168224299066,
    "what does the": 0.014240506329113924,
    "where is the": 0.11613924050632915,
    "how": 0.13280423280423287,
    "where are the": 0.12870370370370374,
    "what brand": 0.04576271186440678,
    "who is": 0.05833333333333333,
    "which": 0.0673611111111111,
    "what": 0.05757938885560204,
    "what is on the": 0.13838383838383841,
    "what is the": 0.06586879432624108,
    "what type of": 0.08497109826589597,
    "what is": 0.11035120147874303,
    "what are the": 0.04785992217898833,
    "what kind of": 0.12078431372549023,
    "what is in the": 0.19895833333333338,
    "how many": 0.10432692307692312
}