{
    "what number is": 0.0,
    "what is the name": 0.026530612244897958,
    "what time": 0.0395264116575592,
    "why": 0.07246376811594203,
    "why is the": 0.05689655172413793,
    "what does the": 0.009808612440191386,
    "where is the": 0.10093457943925234,
    "how": 0.17105263157894743,
    "where are the": 0.10789473684210525,
    "what brand": 0.03214285714285714,
    "who is": 0.06785714285714287,
    "which": 0.05862068965517241,
    "what": 0.04249748237663643,
    "what is on the": 0.10170940170940171,
    "what is the": 0.05160349854227404,
    "what type of": 0.0711111111111111,
    "what is": 0.10032051282051285,
    "what are the": 0.038509316770186326,
    "what kind of": 0.058571428571428566,
    "what is in the": 0.12127659574468083,
    "how many": 0.04285714285714285
}