{
    "what number is": 0.08791666666666668,
    "what is the name": 0.06575342465753427,
    "what time": 0.07377938517179017,
    "why": 0.12950000000000012,
    "why is the": 0.11772151898734177,
    "what does the": 0.07248576850094877,
    "where is the": 0.20476190476190478,
    "how": 0.21885245901639358,
    "where are the": 0.1986301369863014,
    "what brand": 0.06818181818181818,
    "who is": 0.17428571428571424,
    "which": 0.16555555555555557,
    "what": 0.1213957055214724,
    "what is on the": 0.22597402597402605,
    "what is the": 0.13866374589266137,
    "what type of": 0.1746268656716419,
    "what is": 0.20774647887323924,
    "what are the": 0.10147058823529415,
    "what kind of": 0.1643617021276597,
    "what is in the": 0.3173913043478261,
    "how many": 0.1449275362318841
}