{
    "what number is": 0.0055248618784530384,
    "what is the name": 0.027607361963190177,
    "what time": 0.03939122649955237,
    "why": 0.10309597523219823,
    "why is the": 0.10483870967741937,
    "what does the": 0.015292353823088457,
    "where is the": 0.12551546391752572,
    "how": 0.12521739130434792,
    "where are the": 0.13435114503816795,
    "what brand": 0.049315068493150684,
    "who is": 0.04745762711864406,
    "which": 0.07000000000000002,
    "what": 0.062493396724775344,
    "what is on the": 0.15246636771300454,
    "what is the": 0.06782258064516122,
    "what type of": 0.08743718592964828,
    "what is": 0.11156351791530937,
    "what are the": 0.05139860139860141,
    "what kind of": 0.12676056338028174,
    "what is in the": 0.1945454545454546,
    "how many": 0.11987951807228912
}