{
    "what number is": 0.0,
    "what is the name": 0.017857142857142856,
    "what time": 0.0496031746031746,
    "why": 0.0,
    "why is the": 0.0,
    "what does the": 0.05369453084626109,
    "where is the": 0.0,
    "how": 0.09999999999999999,
    "where are the": 0.3,
    "what brand": 0.0,
    "who is": 0.0,
    "which": 0.048148148148148155,
    "what": 0.10783098074764742,
    "what is on the": 0.18333333333333335,
    "what is the": 0.06518847006651884,
    "what type of": 0.15,
    "what is": 0.06666666666666667,
    "what are the": 0.08875,
    "what kind of": 0.07692307692307693,
    "what is in the": 0.6,
    "how many": 0.0
}