{
    "what number is": 0.0,
    "what is the name": 0.09783549783549783,
    "what time": 0.038231917336394965,
    "why": 0.0,
    "why is the": 0.0,
    "what does the": 0.058803515325254456,
    "where is the": 0.0,
    "how": 0.09999999999999999,
    "where are the": 0.3,
    "what brand": 0.0,
    "who is": 0.0,
    "which": 0.018055555555555557,
    "what": 0.09145919092727606,
    "what is on the": 0.1543859649122807,
    "what is the": 0.06988174427198819,
    "what type of": 0.12,
    "what is": 0.08255952380952382,
    "what are the": 0.07242424242424242,
    "what kind of": 0.05909090909090909,
    "what is in the": 0.12,
    "how many": 0.0
}