{
    "what number is": 0.008823529411764706,
    "what is the name": 0.027118644067796602,
    "what time": 0.04012511170688114,
    "why": 0.10869565217391304,
    "why is the": 0.11928571428571433,
    "what does the": 0.01593172119487909,
    "where is the": 0.12033898305084738,
    "how": 0.12206405693950181,
    "where are the": 0.14322580645161298,
    "what brand": 0.04875,
    "who is": 0.056944444444444436,
    "which": 0.07215909090909092,
    "what": 0.07146946564885492,
    "what is on the": 0.16746031746031748,
    "what is the": 0.07267355982274733,
    "what type of": 0.10000000000000005,
    "what is": 0.1197080291970802,
    "what are the": 0.05903225806451614,
    "what kind of": 0.12158054711246201,
    "what is in the": 0.18203125000000006,
    "how many": 0.14106382978723384
}