{
    "what number is": 0.1532738095238095,
    "what is the name": 0.0778067451416508,
    "what time": 0.03896713615023474,
    "why": 0.05399999999999999,
    "why is the": 0.08571428571428572,
    "what does the": 0.0726160313116835,
    "where is the": 0.09047619047619047,
    "how": 0.19230769230769226,
    "where are the": 0.075,
    "what brand": 0.0,
    "who is": 0.2722222222222222,
    "which": 0.07382478632478633,
    "what": 0.09139201787647963,
    "what is on the": 0.1648148148148148,
    "what is the": 0.08364378398329744,
    "what type of": 0.06249999999999999,
    "what is": 0.09656402350646955,
    "what are the": 0.09271423208923209,
    "what kind of": 0.052910052910052914,
    "what is in the": 0.12222222222222223,
    "how many": 0.09090909090909091
}