{
    "what number is": 0.0,
    "what is the name": 0.0,
    "what time": 0.16,
    "why": 0.0,
    "why is the": 0.0,
    "what does the": 0.13714285714285715,
    "where is the": 0.6,
    "how": 0.09999999999999999,
    "where are the": 0.3,
    "what brand": 0.0,
    "who is": 0.0,
    "which": 0.0,
    "what": 0.12000000000000001,
    "what is on the": 0.1,
    "what is the": 0.12444444444444444,
    "what type of": 0.21428571428571427,
    "what is": 0.19166666666666665,
    "what are the": 0.22499999999999998,
    "what kind of": 0.16,
    "what is in the": 0.0,
    "how many": 0.0
}