{
    "what number is": 0.0,
    "what is the name": 0.05454545454545454,
    "what time": 0.038231917336394965,
    "why": 0.0,
    "why is the": 0.0,
    "what does the": 0.04393939393939394,
    "where is the": 0.0,
    "how": 0.09999999999999999,
    "where are the": 0.3,
    "what brand": 0.0,
    "who is": 0.0,
    "which": 0.0,
    "what": 0.031205673758865245,
    "what is on the": 0.09999999999999999,
    "what is the": 0.04227642276422764,
    "what type of": 0.12,
    "what is": 0.0375,
    "what are the": 0.0,
    "what kind of": 0.05909090909090909,
    "what is in the": 0.12,
    "how many": 0.0
}