{
    "what number is": 0.13889888503148187,
    "what is the name": 0.08906227250935843,
    "what time": 0.03939122649955237,
    "why": 0.10325077399380814,
    "why is the": 0.10483870967741937,
    "what does the": 0.10086508816708935,
    "where is the": 0.13002884143348056,
    "how": 0.13149209486166016,
    "where are the": 0.13435114503816795,
    "what brand": 0.07328767123287669,
    "who is": 0.10028248587570622,
    "which": 0.09478484623015873,
    "what": 0.11252730332766521,
    "what is on the": 0.17137518684603886,
    "what is the": 0.11932873060933841,
    "what type of": 0.11254127781765975,
    "what is": 0.13259880658184928,
    "what are the": 0.08500524388199215,
    "what kind of": 0.13339201877934276,
    "what is in the": 0.1945454545454546,
    "how many": 0.12052984665936471
}