{
    "what number is": 0.13434913401205553,
    "what is the name": 0.09636781436456764,
    "what time": 0.0410507569011576,
    "why": 0.11191646191646189,
    "why is the": 0.1274509803921569,
    "what does the": 0.11029816933799991,
    "where is the": 0.13239235421704101,
    "how": 0.1263189935064935,
    "where are the": 0.13988764044943833,
    "what brand": 0.06512027491408934,
    "who is": 0.09848484848484845,
    "which": 0.10031375787954737,
    "what": 0.12241890709224558,
    "what is on the": 0.19080664294187427,
    "what is the": 0.12701801304268967,
    "what type of": 0.1538465608465608,
    "what is": 0.14923884846272553,
    "what are the": 0.09318898735193382,
    "what kind of": 0.13150623885917992,
    "what is in the": 0.18767123287671242,
    "how many": 0.1607523252325229
}