{
    "what number is": 0.135748442733737,
    "what is the name": 0.09094145535882825,
    "what time": 0.04012511170688114,
    "why": 0.10883152173913045,
    "why is the": 0.11928571428571433,
    "what does the": 0.10392652509357318,
    "where is the": 0.12584280126653,
    "how": 0.12719993529602075,
    "where are the": 0.14322580645161298,
    "what brand": 0.07583333333333332,
    "who is": 0.10370370370370369,
    "which": 0.09469076930014429,
    "what": 0.11851513040925503,
    "what is on the": 0.18816137566137567,
    "what is the": 0.12452724361915926,
    "what type of": 0.12811997526283245,
    "what is": 0.14083867265790828,
    "what are the": 0.09003709596854761,
    "what kind of": 0.12730496453900708,
    "what is in the": 0.18203125000000006,
    "how many": 0.14152321083172126
}