{
    "what number is": 0.0,
    "what is the name": 0.0,
    "what time": 0.06904761904761905,
    "why": 0.0,
    "why is the": 0.0,
    "what does the": 0.1387755102040816,
    "where is the": 0.3,
    "how": 0.09999999999999999,
    "where are the": 0.3,
    "what brand": 0.0,
    "who is": 0.0,
    "which": 0.0,
    "what": 0.09444444444444446,
    "what is on the": 0.15625,
    "what is the": 0.13170731707317074,
    "what type of": 0.1875,
    "what is": 0.14500000000000002,
    "what are the": 0.11249999999999999,
    "what kind of": 0.14615384615384616,
    "what is in the": 0.6,
    "how many": 0.0
}