{
    "what number is": 0.10220588235294116,
    "what is the name": 0.0836158192090396,
    "what time": 0.07453083109919566,
    "why": 0.17309782608695629,
    "why is the": 0.17714285714285727,
    "what does the": 0.0854907539118065,
    "where is the": 0.21377118644067744,
    "how": 0.19964412811387877,
    "where are the": 0.2277419354838711,
    "what brand": 0.08749999999999998,
    "who is": 0.15416666666666667,
    "which": 0.20454545454545459,
    "what": 0.15610687022900846,
    "what is on the": 0.2658730158730158,
    "what is the": 0.1649926144756282,
    "what type of": 0.20173160173160173,
    "what is": 0.23401459854014597,
    "what are the": 0.12483870967741933,
    "what kind of": 0.21550151975683868,
    "what is in the": 0.32890624999999996,
    "how many": 0.248085106382978
}