{
    "what number is": 0.008089887640449439,
    "what is the name": 0.02805194805194805,
    "what time": 0.0410507569011576,
    "why": 0.11179361179361176,
    "why is the": 0.1274509803921569,
    "what does the": 0.019485791610284173,
    "where is the": 0.12737030411449002,
    "how": 0.1220238095238095,
    "where are the": 0.13988764044943833,
    "what brand": 0.040206185567010305,
    "who is": 0.060227272727272727,
    "which": 0.08133971291866031,
    "what": 0.07516226741670279,
    "what is on the": 0.1722419928825623,
    "what is the": 0.0754289636238846,
    "what type of": 0.1292592592592593,
    "what is": 0.12737789203084818,
    "what are the": 0.06458333333333337,
    "what kind of": 0.126470588235294,
    "what is in the": 0.18767123287671242,
    "how many": 0.16039603960396004
}