{
    "what number is": 0.14549932825794895,
    "what is the name": 0.08052240599775809,
    "what time": 0.038640595903165736,
    "why": 0.07761194029850745,
    "why is the": 0.09999999999999999,
    "what does the": 0.07513479784959232,
    "where is the": 0.07749999999999999,
    "how": 0.15945945945945944,
    "where are the": 0.05454545454545454,
    "what brand": 0.0125,
    "who is": 0.19333333333333333,
    "which": 0.07522401433691756,
    "what": 0.09674016408041494,
    "what is on the": 0.1517777777777778,
    "what is the": 0.09153754719410287,
    "what type of": 0.06964285714285715,
    "what is": 0.10977359926600916,
    "what are the": 0.08028845593239532,
    "what kind of": 0.07098039215686273,
    "what is in the": 0.1357142857142857,
    "how many": 0.09090909090909091
}