{
    "what number is": 0.0,
    "what is the name": 0.06774193548387097,
    "what time": 0.07000964320154286,
    "why": 0.06428571428571428,
    "why is the": 0.09,
    "what does the": 0.09536423841059606,
    "where is the": 0.12,
    "how": 0.2818181818181818,
    "where are the": 0.12,
    "what brand": 0.15,
    "who is": 0.15,
    "which": 0.056249999999999994,
    "what": 0.09801980198019805,
    "what is on the": 0.21951219512195116,
    "what is the": 0.1327014218009479,
    "what type of": 0.09999999999999998,
    "what is": 0.16666666666666666,
    "what are the": 0.11351351351351349,
    "what kind of": 0.14666666666666664,
    "what is in the": 0.12,
    "how many": 0.0
}