{
    "what number is": 0.009645669291338583,
    "what is the name": 0.02821100917431193,
    "what time": 0.04219858156028368,
    "why": 0.11563786008230445,
    "why is the": 0.12458100558659224,
    "what does the": 0.0245742092457421,
    "where is the": 0.14219178082191752,
    "how": 0.14879999999999977,
    "where are the": 0.1405286343612336,
    "what brand": 0.05206611570247932,
    "who is": 0.06206896551724137,
    "which": 0.09109589041095895,
    "what": 0.08237202595529938,
    "what is on the": 0.17565982404692085,
    "what is the": 0.08659250585480091,
    "what type of": 0.15413333333333323,
    "what is": 0.1337209302325579,
    "what are the": 0.08221649484536087,
    "what kind of": 0.14416342412451352,
    "what is in the": 0.18000000000000008,
    "how many": 0.18766169154228882
}