{
    "what number is": 0.0,
    "what is the name": 0.03962264150943397,
    "what time": 0.03896713615023474,
    "why": 0.05399999999999999,
    "why is the": 0.08571428571428572,
    "what does the": 0.01551020408163265,
    "where is the": 0.09047619047619047,
    "how": 0.19230769230769226,
    "where are the": 0.075,
    "what brand": 0.0,
    "who is": 0.21666666666666667,
    "which": 0.011538461538461537,
    "what": 0.03333333333333335,
    "what is on the": 0.1301587301587301,
    "what is the": 0.055136986301369866,
    "what type of": 0.06249999999999999,
    "what is": 0.0553956834532374,
    "what are the": 0.03783783783783784,
    "what kind of": 0.03492063492063492,
    "what is in the": 0.12222222222222223,
    "how many": 0.0
}