{
    "what number is": 0.0,
    "what is the name": 0.04468085106382979,
    "what time": 0.039312977099236646,
    "why": 0.06857142857142857,
    "why is the": 0.049999999999999996,
    "what does the": 0.018421052631578946,
    "where is the": 0.13,
    "how": 0.185,
    "where are the": 0.049999999999999996,
    "what brand": 0.0,
    "who is": 0.26,
    "which": 0.015789473684210527,
    "what": 0.028934010152284265,
    "what is on the": 0.11999999999999998,
    "what is the": 0.06056910569105692,
    "what type of": 0.058333333333333334,
    "what is": 0.055555555555555546,
    "what are the": 0.02142857142857143,
    "what kind of": 0.04230769230769231,
    "what is in the": 0.0923076923076923,
    "how many": 0.0
}