{
    "what number is": 0.0,
    "what is the name": 0.035483870967741936,
    "what time": 0.03876611418047882,
    "why": 0.07204301075268815,
    "why is the": 0.08918918918918918,
    "what does the": 0.011309523809523808,
    "where is the": 0.12363636363636361,
    "how": 0.17727272727272722,
    "where are the": 0.05294117647058823,
    "what brand": 0.02,
    "who is": 0.1142857142857143,
    "which": 0.047368421052631574,
    "what": 0.0357850070721358,
    "what is on the": 0.1144578313253012,
    "what is the": 0.05267857142857144,
    "what type of": 0.08169014084507041,
    "what is": 0.07688888888888891,
    "what are the": 0.027192982456140352,
    "what kind of": 0.05612244897959183,
    "what is in the": 0.14545454545454545,
    "how many": 0.0
}