{
    "what number is": 0.0,
    "what is the name": 0.06521739130434782,
    "what time": 0.03715686274509805,
    "why": 0.031578947368421054,
    "why is the": 0.049999999999999996,
    "what does the": 0.026229508196721308,
    "where is the": 0.0,
    "how": 0.3111111111111111,
    "where are the": 0.06,
    "what brand": 0.0,
    "who is": 0.15,
    "which": 0.0,
    "what": 0.022457627118644064,
    "what is on the": 0.09696969696969697,
    "what is the": 0.04585635359116023,
    "what type of": 0.07058823529411765,
    "what is": 0.06607142857142857,
    "what are the": 0.0,
    "what kind of": 0.036111111111111115,
    "what is in the": 0.06666666666666667,
    "how many": 0.0
}