{
    "what number is": 0.009684210526315788,
    "what is the name": 0.02821782178217822,
    "what time": 0.04147424511545292,
    "why": 0.11255605381165917,
    "why is the": 0.12738095238095243,
    "what does the": 0.021141374837872894,
    "where is the": 0.13383915022761736,
    "how": 0.12698795180722883,
    "where are the": 0.13673469387755113,
    "what brand": 0.051818181818181805,
    "who is": 0.05096153846153846,
    "which": 0.08429752066115705,
    "what": 0.07857424182749127,
    "what is on the": 0.16806451612903228,
    "what is the": 0.08259773013871367,
    "what type of": 0.14056603773584905,
    "what is": 0.13239104829210818,
    "what are the": 0.07540983606557382,
    "what kind of": 0.13764434180138557,
    "what is in the": 0.1897590361445784,
    "how many": 0.17411616161616125
}