{
    "what number is": 0.0,
    "what is the name": 0.0814008686349112,
    "what time": 0.039312977099236646,
    "why": 0.06857142857142857,
    "why is the": 0.049999999999999996,
    "what does the": 0.07534072207985253,
    "where is the": 0.13,
    "how": 0.185,
    "where are the": 0.049999999999999996,
    "what brand": 0.0,
    "who is": 0.32666666666666666,
    "which": 0.048391812865497076,
    "what": 0.08245564465891428,
    "what is on the": 0.14066666666666663,
    "what is the": 0.08583776205727425,
    "what type of": 0.058333333333333334,
    "what is": 0.10830706330706331,
    "what are the": 0.09139278628117913,
    "what kind of": 0.055448717948717946,
    "what is in the": 0.0923076923076923,
    "how many": 0.09090909090909091
}