{
    "what number is": 0.0035335689045936395,
    "what is the name": 0.022440944881889757,
    "what time": 0.039568345323741004,
    "why": 0.09037656903765694,
    "why is the": 0.07499999999999998,
    "what does the": 0.011262798634812284,
    "where is the": 0.12258064516129039,
    "how": 0.13605442176870752,
    "where are the": 0.13444444444444445,
    "what brand": 0.041176470588235294,
    "who is": 0.06829268292682926,
    "which": 0.06016949152542372,
    "what": 0.05492577597840748,
    "what is on the": 0.13351955307262572,
    "what is the": 0.056764705882352884,
    "what type of": 0.08571428571428572,
    "what is": 0.1112734864300626,
    "what are the": 0.03738738738738738,
    "what kind of": 0.09476190476190481,
    "what is in the": 0.18170731707317073,
    "how many": 0.08548387096774193
}