{
    "what number is": 0.0,
    "what is the name": 0.08823529411764706,
    "what time": 0.037188434695912265,
    "why": 0.06666666666666667,
    "why is the": 0.0,
    "what does the": 0.035164835164835165,
    "where is the": 0.0,
    "how": 0.2571428571428571,
    "where are the": 0.15,
    "what brand": 0.0,
    "who is": 0.0,
    "which": 0.0,
    "what": 0.02513368983957219,
    "what is on the": 0.11153846153846153,
    "what is the": 0.038853503184713374,
    "what type of": 0.12,
    "what is": 0.07209302325581396,
    "what are the": 0.0,
    "what kind of": 0.040625,
    "what is in the": 0.075,
    "how many": 0.0
}