{
    "what number is": 0.0,
    "what is the name": 0.103190895126379,
    "what time": 0.03654773384763743,
    "why": 0.05357142857142857,
    "why is the": 0.06,
    "what does the": 0.0620538897388883,
    "where is the": 0.0,
    "how": 0.2545454545454545,
    "where are the": 0.06,
    "what brand": 0.0,
    "who is": 0.15,
    "which": 0.05746527777777778,
    "what": 0.08111389435646861,
    "what is on the": 0.1422764227642276,
    "what is the": 0.078812430329018,
    "what type of": 0.08750000000000001,
    "what is": 0.10177390242607634,
    "what are the": 0.06204794079794078,
    "what kind of": 0.0574074074074074,
    "what is in the": 0.06,
    "how many": 0.0
}