{
    "what number is": 0.0,
    "what is the name": 0.03076923076923077,
    "what time": 0.03879231473010064,
    "why": 0.06991150442477874,
    "why is the": 0.066,
    "what does the": 0.010817941952506595,
    "where is the": 0.11066666666666665,
    "how": 0.1611111111111111,
    "where are the": 0.0846153846153846,
    "what brand": 0.015789473684210527,
    "who is": 0.09411764705882353,
    "which": 0.05217391304347826,
    "what": 0.039186046511627916,
    "what is on the": 0.09702970297029702,
    "what is the": 0.04844290657439448,
    "what type of": 0.07999999999999999,
    "what is": 0.08726591760299629,
    "what are the": 0.035714285714285705,
    "what kind of": 0.0608695652173913,
    "what is in the": 0.1285714285714286,
    "how many": 0.049999999999999996
}