{
    "what number is": 0.13424989046041694,
    "what is the name": 0.09662114322696005,
    "what time": 0.04147424511545292,
    "why": 0.11266816143497754,
    "why is the": 0.12738095238095243,
    "what does the": 0.11439210383017209,
    "where is the": 0.13845320082042367,
    "how": 0.13046549835706456,
    "where are the": 0.13673469387755113,
    "what brand": 0.07674242424242424,
    "who is": 0.08493589743589743,
    "which": 0.1033012757444576,
    "what": 0.12496177685428785,
    "what is on the": 0.18489247311827955,
    "what is the": 0.13183180643329068,
    "what type of": 0.16144204851752014,
    "what is": 0.15254160671849282,
    "what are the": 0.10303688456352397,
    "what kind of": 0.14199384141647411,
    "what is in the": 0.1897590361445784,
    "how many": 0.17480964952555827
}