{
    "what number is": 0.0,
    "what is the name": 0.021787709497206702,
    "what time": 0.03931159420289855,
    "why": 0.06764705882352944,
    "why is the": 0.0671641791044776,
    "what does the": 0.008836206896551723,
    "where is the": 0.10143884892086331,
    "how": 0.1527472527472528,
    "where are the": 0.11666666666666667,
    "what brand": 0.02571428571428571,
    "who is": 0.06785714285714287,
    "which": 0.06447368421052632,
    "what": 0.04679376083188904,
    "what is on the": 0.12463768115942031,
    "what is the": 0.054067584480600735,
    "what type of": 0.06785714285714284,
    "what is": 0.1019073569482289,
    "what are the": 0.03915343915343914,
    "what kind of": 0.08125000000000002,
    "what is in the": 0.1508771929824561,
    "how many": 0.060000000000000005
}