{
    "what number is": 0.0793103448275862,
    "what is the name": 0.08591549295774646,
    "what time": 0.07392923649906884,
    "why": 0.10895522388059699,
    "why is the": 0.12222222222222222,
    "what does the": 0.07372013651877136,
    "where is the": 0.20499999999999993,
    "how": 0.22702702702702698,
    "where are the": 0.10909090909090909,
    "what brand": 0.06,
    "who is": 0.31999999999999995,
    "which": 0.0903225806451613,
    "what": 0.10067681895093056,
    "what is on the": 0.212,
    "what is the": 0.1381088825214899,
    "what type of": 0.11785714285714284,
    "what is": 0.14677419354838717,
    "what are the": 0.07979797979797977,
    "what kind of": 0.1305882352941177,
    "what is in the": 0.2928571428571428,
    "how many": 0.0
}