{
    "what number is": 0.0,
    "what is the name": 0.0,
    "what time": 0.06,
    "why": 0.0,
    "why is the": 0.0,
    "what does the": 0.02571428571428571,
    "where is the": 0.0,
    "how": 0.09999999999999999,
    "where are the": 0.3,
    "what brand": 0.0,
    "who is": 0.0,
    "which": 0.0,
    "what": 0.054285714285714284,
    "what is on the": 0.05999999999999999,
    "what is the": 0.03333333333333333,
    "what type of": 0.17142857142857143,
    "what is": 0.0,
    "what are the": 0.0,
    "what kind of": 0.1,
    "what is in the": 0.0,
    "how many": 0.0
}