{
    "what number is": 0.0,
    "what is the name": 0.06521739130434782,
    "what time": 0.06931372549019603,
    "why": 0.047368421052631574,
    "why is the": 0.09999999999999999,
    "what does the": 0.11065573770491806,
    "where is the": 0.19999999999999998,
    "how": 0.3111111111111111,
    "where are the": 0.12,
    "what brand": 0.15,
    "who is": 0.15,
    "which": 0.05454545454545454,
    "what": 0.09194915254237292,
    "what is on the": 0.22424242424242422,
    "what is the": 0.1375690607734807,
    "what type of": 0.08823529411764706,
    "what is": 0.17857142857142858,
    "what are the": 0.08076923076923076,
    "what kind of": 0.09444444444444443,
    "what is in the": 0.13333333333333333,
    "how many": 0.0
}