{
    "what number is": 0.1416850620914226,
    "what is the name": 0.07547156310443713,
    "what time": 0.039568345323741004,
    "why": 0.09058577405857744,
    "why is the": 0.07499999999999998,
    "what does the": 0.08761517064492283,
    "where is the": 0.12392473118279577,
    "how": 0.1450680272108844,
    "where are the": 0.13444444444444445,
    "what brand": 0.06764705882352941,
    "who is": 0.13130081300813007,
    "which": 0.09377606268496097,
    "what": 0.1067838277203861,
    "what is on the": 0.14869646182495347,
    "what is the": 0.11154229944715593,
    "what type of": 0.103543599257885,
    "what is": 0.13461169222252353,
    "what are the": 0.0795563051813052,
    "what kind of": 0.10333333333333337,
    "what is in the": 0.18170731707317073,
    "how many": 0.08722507331378301
}