{
    "what number is": 0.12100000000000001,
    "what is the name": 0.06239316239316238,
    "what time": 0.0734675205855443,
    "why": 0.1097345132743363,
    "why is the": 0.09599999999999997,
    "what does the": 0.0678100263852243,
    "where is the": 0.2226666666666667,
    "how": 0.2240740740740741,
    "where are the": 0.1423076923076923,
    "what brand": 0.07894736842105263,
    "who is": 0.18823529411764706,
    "which": 0.10652173913043476,
    "what": 0.10372093023255799,
    "what is on the": 0.1891089108910891,
    "what is the": 0.13079584775086492,
    "what type of": 0.15625,
    "what is": 0.1741573033707865,
    "what are the": 0.10642857142857147,
    "what kind of": 0.13652173913043486,
    "what is in the": 0.29523809523809524,
    "how many": 0.075
}