{
    "what number is": 0.0,
    "what is the name": 0.14565826330532214,
    "what time": 0.037188434695912265,
    "why": 0.06666666666666667,
    "why is the": 0.0,
    "what does the": 0.060335778252644,
    "where is the": 0.0,
    "how": 0.2571428571428571,
    "where are the": 0.15,
    "what brand": 0.0,
    "who is": 0.0,
    "which": 0.018055555555555557,
    "what": 0.08544007240531307,
    "what is on the": 0.1512820512820513,
    "what is the": 0.06139052030771776,
    "what type of": 0.12,
    "what is": 0.12500553709856035,
    "what are the": 0.06644444444444444,
    "what kind of": 0.06197916666666666,
    "what is in the": 0.075,
    "how many": 0.0
}