{
    "what number is": 0.1206315789473684,
    "what is the name": 0.08440594059405943,
    "what time": 0.07566607460035518,
    "why": 0.18677130044843004,
    "why is the": 0.1845238095238097,
    "what does the": 0.09507133592736698,
    "where is the": 0.23034901365705598,
    "how": 0.2093975903614452,
    "where are the": 0.2275510204081632,
    "what brand": 0.10545454545454545,
    "who is": 0.15384615384615385,
    "which": 0.21942148760330563,
    "what": 0.16920047262701976,
    "what is on the": 0.2777419354838708,
    "what is the": 0.17774274905422513,
    "what type of": 0.24308176100628903,
    "what is": 0.24487632508833945,
    "what are the": 0.14672131147540976,
    "what kind of": 0.2431870669745954,
    "what is in the": 0.33192771084337336,
    "how many": 0.2833333333333342
}