{
    "what number is": 0.13448720374949874,
    "what is the name": 0.0710893676466302,
    "what time": 0.03931159420289855,
    "why": 0.06764705882352944,
    "why is the": 0.0671641791044776,
    "what does the": 0.0816818759285026,
    "where is the": 0.10263788968824941,
    "how": 0.1527472527472528,
    "where are the": 0.11666666666666667,
    "what brand": 0.058571428571428566,
    "who is": 0.12440476190476189,
    "which": 0.10966217627401836,
    "what": 0.10299501882948975,
    "what is on the": 0.14432367149758454,
    "what is the": 0.10768444699978334,
    "what type of": 0.07826530612244897,
    "what is": 0.12743294131737792,
    "what are the": 0.08335057138628567,
    "what kind of": 0.08937500000000002,
    "what is in the": 0.1508771929824561,
    "how many": 0.06616883116883117
}