{
    "what number is": 0.0,
    "what is the name": 0.05454545454545454,
    "what time": 0.06532721010332947,
    "why": 0.0,
    "why is the": 0.0,
    "what does the": 0.15303030303030304,
    "where is the": 0.3,
    "how": 0.09999999999999999,
    "where are the": 0.3,
    "what brand": 0.19999999999999998,
    "who is": 0.0,
    "which": 0.0375,
    "what": 0.09219858156028372,
    "what is on the": 0.2894736842105263,
    "what is the": 0.13902439024390245,
    "what type of": 0.15,
    "what is": 0.159375,
    "what are the": 0.10909090909090909,
    "what kind of": 0.11363636363636363,
    "what is in the": 0.12,
    "how many": 0.0
}