{
    "what number is": 0.0,
    "what is the name": 0.058064516129032254,
    "what time": 0.03654773384763743,
    "why": 0.05357142857142857,
    "why is the": 0.06,
    "what does the": 0.021192052980132447,
    "where is the": 0.0,
    "how": 0.2545454545454545,
    "where are the": 0.06,
    "what brand": 0.0,
    "who is": 0.15,
    "which": 0.01875,
    "what": 0.025742574257425738,
    "what is on the": 0.11707317073170731,
    "what is the": 0.04976303317535545,
    "what type of": 0.08750000000000001,
    "what is": 0.06231884057971014,
    "what are the": 0.016216216216216217,
    "what kind of": 0.042222222222222223,
    "what is in the": 0.06,
    "how many": 0.0
}