{
    "what number is": 0.0,
    "what is the name": 0.08510638297872339,
    "what time": 0.07242366412213735,
    "why": 0.07714285714285714,
    "why is the": 0.075,
    "what does the": 0.09105263157894741,
    "where is the": 0.27999999999999997,
    "how": 0.23000000000000004,
    "where are the": 0.09999999999999999,
    "what brand": 0.15,
    "who is": 0.58,
    "which": 0.047368421052631574,
    "what": 0.09720812182741116,
    "what is on the": 0.21600000000000003,
    "what is the": 0.14268292682926828,
    "what type of": 0.09166666666666666,
    "what is": 0.1373737373737374,
    "what are the": 0.0964285714285714,
    "what kind of": 0.13846153846153844,
    "what is in the": 0.13846153846153847,
    "how many": 0.0
}