{
    "what number is": 0.0,
    "what is the name": 0.08113207547169811,
    "what time": 0.07455399061032858,
    "why": 0.07799999999999999,
    "why is the": 0.11428571428571428,
    "what does the": 0.08571428571428574,
    "where is the": 0.29047619047619044,
    "how": 0.2269230769230769,
    "where are the": 0.11249999999999999,
    "what brand": 0.09999999999999999,
    "who is": 0.48333333333333334,
    "which": 0.06923076923076922,
    "what": 0.09350104821802933,
    "what is on the": 0.23174603174603173,
    "what is the": 0.1328767123287671,
    "what type of": 0.12499999999999996,
    "what is": 0.13884892086330938,
    "what are the": 0.10270270270270268,
    "what kind of": 0.11904761904761901,
    "what is in the": 0.26111111111111107,
    "how many": 0.0
}