{
    "what number is": 0.0,
    "what is the name": 0.0,
    "what time": 0.06,
    "why": 0.0,
    "why is the": 0.0,
    "what does the": 0.04088662889905126,
    "where is the": 0.0,
    "how": 0.09999999999999999,
    "where are the": 0.3,
    "what brand": 0.0,
    "who is": 0.0,
    "which": 0.0,
    "what": 0.10946303696303694,
    "what is on the": 0.1288888888888889,
    "what is the": 0.0698989898989899,
    "what type of": 0.17142857142857143,
    "what is": 0.027777777777777776,
    "what are the": 0.15,
    "what kind of": 0.1,
    "what is in the": 0.0,
    "how many": 0.0
}