{
    "what number is": 0.09398907103825138,
    "what is the name": 0.06312849162011173,
    "what time": 0.0739130434782608,
    "why": 0.11529411764705892,
    "why is the": 0.10746268656716415,
    "what does the": 0.0657327586206897,
    "where is the": 0.19640287769784184,
    "how": 0.22417582417582427,
    "where are the": 0.17407407407407405,
    "what brand": 0.06857142857142857,
    "who is": 0.2071428571428571,
    "which": 0.16710526315789476,
    "what": 0.11759098786828412,
    "what is on the": 0.23043478260869574,
    "what is the": 0.139048811013767,
    "what type of": 0.17232142857142865,
    "what is": 0.18855585831062655,
    "what are the": 0.1047619047619048,
    "what kind of": 0.16250000000000012,
    "what is in the": 0.2947368421052632,
    "how many": 0.11142857142857142
}