{
    "what number is": 0.1128089887640449,
    "what is the name": 0.0846753246753247,
    "what time": 0.07533392698130004,
    "why": 0.18058968058968014,
    "why is the": 0.18235294117647075,
    "what does the": 0.09133964817320694,
    "where is the": 0.22236135957066144,
    "how": 0.20148809523809494,
    "where are the": 0.22359550561797756,
    "what brand": 0.09793814432989689,
    "who is": 0.16818181818181818,
    "which": 0.2114832535885167,
    "what": 0.1630030289917795,
    "what is on the": 0.2701067615658362,
    "what is the": 0.1704873026767336,
    "what type of": 0.22740740740740722,
    "what is": 0.23984575835475588,
    "what are the": 0.1354166666666666,
    "what kind of": 0.229411764705882,
    "what is in the": 0.3321917808219177,
    "how many": 0.2589108910891088
}