{
    "what number is": 0.10492957746478876,
    "what is the name": 0.05782312925170067,
    "what time": 0.07404371584699447,
    "why": 0.12463768115942037,
    "why is the": 0.0879310344827586,
    "what does the": 0.06913875598086128,
    "where is the": 0.21308411214953282,
    "how": 0.2394736842105264,
    "where are the": 0.17368421052631575,
    "what brand": 0.07499999999999998,
    "who is": 0.2071428571428571,
    "which": 0.16034482758620688,
    "what": 0.11369587109768357,
    "what is on the": 0.20512820512820518,
    "what is the": 0.13381924198250714,
    "what type of": 0.16333333333333339,
    "what is": 0.18749999999999992,
    "what are the": 0.10745341614906835,
    "what kind of": 0.13000000000000006,
    "what is in the": 0.2702127659574468,
    "how many": 0.08571428571428572
}