{
    "what number is": 0.12073371073371074,
    "what is the name": 0.06690787856110435,
    "what time": 0.03876611418047882,
    "why": 0.07204301075268815,
    "why is the": 0.08918918918918918,
    "what does the": 0.07462151518828535,
    "where is the": 0.12363636363636361,
    "how": 0.17727272727272722,
    "where are the": 0.05294117647058823,
    "what brand": 0.028333333333333332,
    "who is": 0.20952380952380953,
    "which": 0.1052266081871345,
    "what": 0.09829702258710497,
    "what is on the": 0.14076305220883537,
    "what is the": 0.09565864880962631,
    "what type of": 0.09436619718309856,
    "what is": 0.11074617539323424,
    "what are the": 0.08200488716936086,
    "what kind of": 0.06768707482993196,
    "what is in the": 0.14545454545454545,
    "how many": 0.045454545454545456
}