{
    "what number is": 0.14034411190661183,
    "what is the name": 0.07642211732965158,
    "what time": 0.039240506329113925,
    "why": 0.07850000000000001,
    "why is the": 0.07594936708860758,
    "what does the": 0.0855328715963152,
    "where is the": 0.11287477954144626,
    "how": 0.14508196721311484,
    "where are the": 0.13561643835616435,
    "what brand": 0.0534090909090909,
    "who is": 0.10809523809523808,
    "which": 0.09961750440917108,
    "what": 0.10116879514730696,
    "what is on the": 0.1488095238095238,
    "what is the": 0.11026029674765017,
    "what type of": 0.08989339019189767,
    "what is": 0.1346924896117108,
    "what are the": 0.07792213301404477,
    "what kind of": 0.0867021276595745,
    "what is in the": 0.17536231884057973,
    "how many": 0.08283926218708827
}