{
    "what number is": 0.12153846153846153,
    "what is the name": 0.06559139784946236,
    "what time": 0.07366482504604045,
    "why": 0.11075268817204302,
    "why is the": 0.1054054054054054,
    "what does the": 0.06815476190476193,
    "where is the": 0.23272727272727273,
    "how": 0.24772727272727274,
    "where are the": 0.12352941176470589,
    "what brand": 0.1,
    "who is": 0.22857142857142856,
    "which": 0.1131578947368421,
    "what": 0.10198019801980185,
    "what is on the": 0.20722891566265064,
    "what is the": 0.13482142857142845,
    "what type of": 0.1591549295774648,
    "what is": 0.1586666666666667,
    "what are the": 0.08333333333333333,
    "what kind of": 0.13265306122448986,
    "what is in the": 0.27878787878787875,
    "how many": 0.0
}