{
    "what number is": 0.0812688821752266,
    "what is the name": 0.07448979591836738,
    "what time": 0.07392473118279563,
    "why": 0.1472027972027972,
    "why is the": 0.14112149532710286,
    "what does the": 0.07958860759493668,
    "where is the": 0.20379746835443022,
    "how": 0.21269841269841266,
    "where are the": 0.1990740740740742,
    "what brand": 0.07627118644067796,
    "who is": 0.18541666666666665,
    "which": 0.19861111111111118,
    "what": 0.13576992210904773,
    "what is on the": 0.24191919191919198,
    "what is the": 0.148581560283688,
    "what type of": 0.18497109826589608,
    "what is": 0.21441774491682045,
    "what are the": 0.11867704280155647,
    "what kind of": 0.2074509803921567,
    "what is in the": 0.3625000000000001,
    "how many": 0.19759615384615378
}