{
    "what number is": 0.0,
    "what is the name": 0.08823529411764706,
    "what time": 0.06869391824526416,
    "why": 0.06666666666666667,
    "why is the": 0.0,
    "what does the": 0.1318681318681319,
    "where is the": 0.3,
    "how": 0.2571428571428571,
    "where are the": 0.15,
    "what brand": 0.15,
    "who is": 0.0,
    "which": 0.0375,
    "what": 0.09572192513368986,
    "what is on the": 0.25,
    "what is the": 0.1407643312101911,
    "what type of": 0.15,
    "what is": 0.19767441860465115,
    "what are the": 0.1,
    "what kind of": 0.10624999999999998,
    "what is in the": 0.15,
    "how many": 0.0
}