{
    "what number is": 0.0,
    "what is the name": 0.04647887323943662,
    "what time": 0.038640595903165736,
    "why": 0.07761194029850745,
    "why is the": 0.09999999999999999,
    "what does the": 0.01296928327645051,
    "where is the": 0.07749999999999999,
    "how": 0.15945945945945944,
    "where are the": 0.05454545454545454,
    "what brand": 0.0,
    "who is": 0.16,
    "which": 0.00967741935483871,
    "what": 0.03519458544839257,
    "what is on the": 0.12266666666666666,
    "what is the": 0.05959885386819484,
    "what type of": 0.05357142857142856,
    "what is": 0.07419354838709678,
    "what are the": 0.028282828282828285,
    "what kind of": 0.057647058823529405,
    "what is in the": 0.1357142857142857,
    "how many": 0.0
}