{
    "what number is": 0.0,
    "what is the name": 0.02191780821917808,
    "what time": 0.039240506329113925,
    "why": 0.07850000000000001,
    "why is the": 0.07594936708860758,
    "what does the": 0.009487666034155596,
    "where is the": 0.11111111111111117,
    "how": 0.14344262295081975,
    "where are the": 0.13561643835616435,
    "what brand": 0.02727272727272727,
    "who is": 0.06285714285714286,
    "which": 0.06111111111111111,
    "what": 0.047776073619631855,
    "what is on the": 0.13116883116883118,
    "what is the": 0.0554216867469879,
    "what type of": 0.07313432835820896,
    "what is": 0.11220657276995302,
    "what are the": 0.03627450980392156,
    "what kind of": 0.0771276595744681,
    "what is in the": 0.17536231884057973,
    "how many": 0.07971014492753623
}