{
    "what number is": 0.13485110351307536,
    "what is the name": 0.07592735778960269,
    "what time": 0.0395264116575592,
    "why": 0.07246376811594203,
    "why is the": 0.05689655172413793,
    "what does the": 0.08048054215622343,
    "where is the": 0.10249221183800625,
    "how": 0.17105263157894743,
    "where are the": 0.10789473684210525,
    "what brand": 0.04732142857142857,
    "who is": 0.12440476190476189,
    "which": 0.10921250684181717,
    "what": 0.09986655135494957,
    "what is on the": 0.12264957264957267,
    "what is the": 0.1021548585148494,
    "what type of": 0.08206349206349205,
    "what is": 0.1264996457162747,
    "what are the": 0.08404900913441284,
    "what kind of": 0.06785714285714287,
    "what is in the": 0.12127659574468083,
    "how many": 0.05313852813852813
}