{
    "what number is": 0.08812154696132599,
    "what is the name": 0.0819018404907976,
    "what time": 0.07385854968666064,
    "why": 0.16501547987616091,
    "why is the": 0.15564516129032266,
    "what does the": 0.0847076461769115,
    "where is the": 0.20927835051546353,
    "how": 0.2082608695652173,
    "where are the": 0.21297709923664138,
    "what brand": 0.0917808219178082,
    "who is": 0.1559322033898305,
    "which": 0.20375000000000004,
    "what": 0.1436344426835716,
    "what is on the": 0.25246636771300446,
    "what is the": 0.15387096774193573,
    "what type of": 0.185427135678392,
    "what is": 0.22263843648208448,
    "what are the": 0.12167832167832174,
    "what kind of": 0.21936619718309838,
    "what is in the": 0.34,
    "how many": 0.22710843373493927
}