{
    "what number is": 0.11732283464566927,
    "what is the name": 0.08899082568807337,
    "what time": 0.07686170212765951,
    "why": 0.19382716049382653,
    "why is the": 0.19050279329608946,
    "what does the": 0.10243309002433076,
    "where is the": 0.23945205479452056,
    "how": 0.2289999999999994,
    "where are the": 0.23876651982378835,
    "what brand": 0.10330578512396696,
    "who is": 0.1706896551724138,
    "which": 0.21986301369862996,
    "what": 0.17840663302090984,
    "what is on the": 0.2862170087976537,
    "what is the": 0.18302107728337305,
    "what type of": 0.25679999999999964,
    "what is": 0.25169133192389065,
    "what are the": 0.15747422680412362,
    "what kind of": 0.2552529182879372,
    "what is in the": 0.3199999999999999,
    "how many": 0.2935323383084594
}