{
    "what number is": 0.13603246753246753,
    "what is the name": 0.07174918742226434,
    "what time": 0.03879231473010064,
    "why": 0.06991150442477874,
    "why is the": 0.066,
    "what does the": 0.07470776581709239,
    "where is the": 0.11066666666666665,
    "how": 0.1611111111111111,
    "where are the": 0.0846153846153846,
    "what brand": 0.038157894736842106,
    "who is": 0.18725490196078431,
    "which": 0.11596359558316081,
    "what": 0.10019240150400556,
    "what is on the": 0.12128712871287133,
    "what is the": 0.09767775816502101,
    "what type of": 0.09124999999999997,
    "what is": 0.11579733881452324,
    "what are the": 0.08213255098076525,
    "what kind of": 0.07072463768115941,
    "what is in the": 0.1285714285714286,
    "how many": 0.05757575757575758
}