{
    "what number is": 0.0,
    "what is the name": 0.11853002070393374,
    "what time": 0.03715686274509805,
    "why": 0.031578947368421054,
    "why is the": 0.049999999999999996,
    "what does the": 0.06041096188993552,
    "where is the": 0.0,
    "how": 0.3111111111111111,
    "where are the": 0.06,
    "what brand": 0.0,
    "who is": 0.15,
    "which": 0.056313131313131315,
    "what": 0.08300507754956907,
    "what is on the": 0.12828282828282828,
    "what is the": 0.07553395039582884,
    "what type of": 0.07058823529411765,
    "what is": 0.11197278911564626,
    "what are the": 0.04599130036630036,
    "what kind of": 0.05509259259259259,
    "what is in the": 0.06666666666666667,
    "how many": 0.0
}