{
    "what number is": 0.08586572438162546,
    "what is the name": 0.06889763779527561,
    "what time": 0.07419064748201433,
    "why": 0.1460251046025106,
    "why is the": 0.11875000000000002,
    "what does the": 0.07525597269624573,
    "where is the": 0.2133064516129031,
    "how": 0.2136054421768709,
    "where are the": 0.198888888888889,
    "what brand": 0.07647058823529411,
    "who is": 0.17073170731707316,
    "which": 0.1788135593220339,
    "what": 0.13022941970310417,
    "what is on the": 0.23240223463687157,
    "what is the": 0.14117647058823518,
    "what type of": 0.17987012987013,
    "what is": 0.21022964509394548,
    "what are the": 0.11261261261261264,
    "what kind of": 0.17714285714285713,
    "what is in the": 0.3243902439024391,
    "how many": 0.16774193548387104
}